{"IcoMoonType":"selection","icons":[{"icon":{"paths":["M512 32l-480 480h288v512h384v-512h288z"],"tags":["arrow-up","up","upload","top"],"defaultCode":59954,"grid":16,"attrs":[]},"attrs":[],"properties":{"ligatures":"arrow-up, up","name":"arrow-up","order":2,"id":307,"prevSize":32,"code":59954},"setIdx":0,"setId":1,"iconIdx":306},{"icon":{"paths":["M512 992l480-480h-288v-512h-384v512h-288z"],"tags":["arrow-down","down","download","bottom"],"defaultCode":59958,"grid":16,"attrs":[]},"attrs":[],"properties":{"ligatures":"arrow-down, down","name":"arrow-down","order":3,"id":311,"prevSize":32,"code":59958},"setIdx":0,"setId":1,"iconIdx":310}],"height":1024,"metadata":{"name":"reddit-arrows"},"preferences":{"showGlyphs":true,"showQuickUse":true,"showQuickUse2":true,"showSVGs":true,"fontPref":{"prefix":"icon-","metadata":{"fontFamily":"reddit-arrows","majorVersion":1,"minorVersion":0},"metrics":{"emSize":1024,"baseline":6.25,"whitespace":50},"embed":false,"noie8":true,"ie7":false,"showSelector":true},"imagePref":{"prefix":"icon-","png":true,"useClassSelector":true,"color":0,"bgColor":16777215,"classSelector":".icon"},"historySize":50,"showCodes":true,"gridSize":16}}